株式会社Second floor,上流工程に携われるWebエンジニア 賞与年4回,埼玉県 さいたま市 北浦和駅 徒歩1分,月給35万円～50万円,19日前,リクナビNEXT
株式会社一蔵,インフラエンジニア／Web戦略,埼玉県 さいたま市 日進駅,年収450万円～700万円,11日前,Geekly
株式会社Beer and Tech,Web開発エンジニア,埼玉県 さいたま市 西区,年収400万円～600万円,公開していません,paiza転職
株式会社セレモニー 管理部,自社Webサービスエンジニア,埼玉県 さいたま市 北浦和駅 徒歩7分,月給25万円～30万円,26日前,type
あゆわら株式会社,Webシステムエンジニア募集!「未経験歓迎」システム勉強中の方歓迎,埼玉県 白岡市,"時給990円～2,000円",26日前,楽天仕事紹介
パイン株式会社,自社WEBプロダクト開発エンジニア／Laravel,埼玉県 さいたま市 大宮駅 徒歩6分,月給22万円～30万円,公開していません,かんたん応募
株式会社アサヒコミュニケーションズ,WEBディレクター フロントエンドエンジニア,埼玉県 鴻巣市 鴻巣駅 徒歩2分,年収390万円～550万円,7日前,Green
株式会社2ftech,上流工程メインのWebエンジニア,埼玉県 さいたま市 北浦和駅 徒歩1分,月給30万円～,公開していません,株式会社2ftech
エッジテクノロジー株式会社,PythonのWebアプリケーションエンジニア,埼玉県,月給～70万円,2日前,modis
日新火災情報システム株式会社,システムエンジニア webアプリ開発／残業22時間／福利厚生,埼玉県 さいたま市 浦和区,年収450万円～700万円,17日前,リクルートエージェント
Bizネクストジャパン株式会社 ポテンシャル採用...,WEBエンジニア Webサイトやアプリの動作チェックなどの業務をお任せいたします,埼玉県 さいたま市,月給18万円～,5日前,Bizネクストジャパン株式会社ポテンシャル採用プロジェクト
株式会社テイクス 大宮オフィス,初級 WEB系システムエンジニア,埼玉県 さいたま市 大宮駅 徒歩3分,月給23万円～30万円,公開していません,ハローワーク大宮
マリーシェル合同会社,Webデザイナー、UIエンジニア,埼玉県 さいたま市 大宮駅 徒歩5分,月給20万円～30万円,公開していません,マリーシェル合同会社
クリプトリンク株式会社,Railsエンジニア～仮想通貨の会計ツールを提供する、成長中のベンチャー企業～,埼玉県 さいたま市 浦和区,年収360万円～800万円,公開していません,doda
株式会社システムネットワーク,エンジニア全般,埼玉県 所沢市,月給20万円～,公開していません,Javaキャリ
株式会社ビースタイル,大手自動車ディーラーの案件を担っている広告企業にてWEBディレクター,埼玉県 和光市 和光市駅 徒歩1分,"時給2,450円",10日前,しゅふJOBスタッフィング
大興電子通信株式会社,システムエンジニア,埼玉県 さいたま市 大宮区,公開していません,11日前,type 転職エージェント
エイセル株式会社,NW構築・検証案件,埼玉県 蕨市 蕨駅,月給50万円～63万円,公開していません,かんたん応募
株式会社鍵屋,未経験OK!一般事務,埼玉県 熊谷市,月給20万円～50万円,5日前,doda
株式会社Bloom,未経験から研修制度でWebデザイナー 年間休日120日以上,埼玉県 さいたま市 加茂宮駅 徒歩9分,月給20万円～50万円,公開していません,株式会社Bloom
誉電気株式会社,ECサイト運営・管理,埼玉県 春日部市 豊春駅 徒歩10分,"時給1,000円～1,200円",公開していません,かんたん応募
株式会社サイン,受託開発のシステムエンジニア募集,埼玉県 さいたま市 さいたま新都心駅,月給18万円～25万円,公開していません,かんたん応募
株式会社MPS,プログラマ,埼玉県 志木市,月給28万円～50万円,公開していません,株式会社MPS
株式会社ギャラクシィ,2023 新卒採用 ソフトウェア,埼玉県,"月給21万1,000円～23万2,000円",公開していません,リクナビ2023
株式会社Redo,PG／プログラマー 土日祝休み,埼玉県 さいたま市 中央区,月給22万円～40万円,1日前,株式会社Redo
安全自動車株式会社,サービスエンジニア 第二新卒・未経験歓迎／経営安定,埼玉県,年収300万円～350万円,公開していません,doda
NLC株式会社,自社パッケージ開発エンジニア,埼玉県 草加市 草加駅 バス9分,月給25万円～32万円,12日前,type
関東スターワークス株式会社 大宮テクニカルセンター,採用アシスタント,埼玉県 さいたま市 さいたま新都心駅 徒歩2分,月給28万円～35万円,公開していません,ハローワーク大宮
株式会社要,開発エンジニア,埼玉県,月給28万円～,1日前,type
FUJITSUUT株式会社 ITスタッフソリュー...,リモートワーク中心!セキュリティエンジニア,埼玉県 さいたま市 さいたま新都心駅 徒歩3分,"時給2,500円～",公開していません,エン派遣
アークレイインフィニティ株式会社,フィールドエンジニア 国内シェアトップクラスの医療検査システムメーカー／WEB面接,埼玉県 さいたま市 大宮区,年収400万円～600万円,公開していません,doda
コンピュータ・レスキュー株式会社,ITエンジニア 未経験歓迎!エンジニアって何するのから教えます。年間休日127日!住宅手当最大3万円,埼玉県,月給23万円～,15日前,エン転職
株式会社ロフティー,«急募／単発OK»工場内でシステムエンジニア,埼玉県 寄居町 男衾駅 車8分,"時給2,150円～",23時間前,ジョブティー
有限会社関根車輛,ロードサービスエンジニア,埼玉県 川口市 戸塚安行駅 徒歩15分,月給23万円～45万円,6日前,有限会社関根車輛
株式会社ABI,コンサルティングエンジニア インフラ,埼玉県,年収350万円～550万円,10日前,Green
株式会社インフォリンク,インフラエンジニア／7割リモート案件／年休125日／副業OK／有休取得率80%／スキルアップ支援充実,埼玉県,月給46万円～76万円,19日前,エン転職
株式会社デルタ総研,ITエンジニア／実機・座学・研修で楽しみながら基礎を学べる,埼玉県,"月給24万2,000円～",5日前,doda
株式会社インバックス,社内SE／ヘルプデスク 自社のIT環境を支える 年休120日,埼玉県 さいたま市 見沼区,月給25万円～57万円,5日前,リクナビNEXT
株式会社RISING 埼玉支部,未経験から成長できるシステムエンジニア,埼玉県 さいたま市 大宮区,月給25万円～40万円,公開していません,株式会社RISING
UTエフサス・クリエ株式会社,運用管理・保守／IT・通信関連,埼玉県 さいたま市 大宮駅 徒歩10分,"時給1,550円～",21日前,はたらこねっと
サンライズシステム株式会社,前給保証! ITエンジニア フルリモート可／全国から応募OK,埼玉県,月給40万円～,22時間前,マイナビ転職
アルユーアイ株式会社,未経験歓迎!／ITエンジニア／資格取得支援充実／年休126日,埼玉県,月給25万円～50万円,1日前,doda
株式会社ソアレスト,SE・PG,埼玉県,月給25万円～,13日前,リクナビNEXT
株式会社GENTEN,開発エンジニア,埼玉県,月給35万円～,8日前,type
株式会社ジョブサポート,システムエンジニア 年間休日120日以上／土日祝休み／残業少なめ／家族手当あり,埼玉県,"月給21万5,000円～24万円",公開していません,エン転職
株式会社ビーズワン,プログラマ,埼玉県 川越市 本川越駅 徒歩8分,月給22万円～35万円,公開していません,株式会社ビーズワン
LIJ株式会社,SE／PG,埼玉県,月給35万円～50万円,5日前,イーキャリア
株式会社Yakudo,ITエンジニア 還元率75%以上／フルリモート可能／副業可／自社サービスあり／残業月10h以内,埼玉県,月給35万円～90万円,公開していません,エン転職
株式会社八興システムズ,ITエンジニア 副業OK・年休125日以上・残業月10時間程度・待遇充実,埼玉県,月給25万252円～60万440円,公開していません,エン転職
株式会社善光商事,開発エンジニア ～研修充実／残業月平均20時間以下～,埼玉県,年収400万円～800万円,1日前,doda
豊ハイテック株式会社,システム開発／年間休日130日以上／在宅勤務もあり,埼玉県,月給23万円～40万円,2時間前,doda
株式会社サクセス,30～40代活躍中 システム開発エンジニア,埼玉県 朝霞市 朝霞台駅 徒歩1分,月給23万円～30万円,5日前,リクナビNEXT
北辰商事株式会社,2023 新卒採用 スーパー,埼玉県 さいたま市 桜区,"月給18万9,000円～21万円",公開していません,キャリタス就活2023
株式会社エイ・クリエイション,初級エンジニア 未経験歓迎／賞与年2回／土日祝休み／年休128日／リモート率85%／定着率93,埼玉県,月給25万円～,公開していません,エン転職
株式会社イイネクサス,自由度の高いITエンジニア／未経験歓迎／リモートワーク率7割,埼玉県,月給25万円～50万円,公開していません,doda
株式会社WASABI,ITエンジニア 自由すぎ 還元率75%以上 リモート82%超 低残業休み自由,埼玉県,月給35万円～80万円,22日前,女の転職type
株式会社クローバー・サン,開発エンジニア,埼玉県,年収400万円～700万円,公開していません,paiza転職
株式会社アクセルコミュニケーション,在宅あり ネットワークエンジニア募集,埼玉県 さいたま市 大宮駅 徒歩5分,月給28万円～,公開していません,エン派遣
株式会社安信エンタープライズ,未経験からはじめるITエンジニア／完週休2日／年休128日,埼玉県,"月給21万5,000円～",公開していません,doda
株式会社トゥインクル,エンジニア 残業月平均8.5時間!リモート案件有!年休125日,埼玉県,月給28万円～,19日前,エン転職
株式会社クエスト・エイト,ゼロから目指すゲームエンジニア,埼玉県,月給25万円～,5日前,type
株式会社インフィニ,テスト・運用保守・監視,埼玉県,月給18万円～60万円,11時間前,べティ
株式会社SeeD,高単価×高還元率で働くITエンジニア!平均年収178万円UP ! 最初からフルリモートOK,埼玉県,"月給32万円～84万5,000円",公開していません,エン転職
株式会社オルベック,「年齢的にこの先不安だな…」  代表「なんとか私が頭を下げてでも仕事を取ってきます!,埼玉県 さいたま市,年収480万円～960万円,公開していません,かんたん応募
株式会社悟空テクノロジーズ,IT事務 年間休日125日:土日&18時以降の面接OK,埼玉県,月給20万円～60万円,4日前,リクナビNEXT
株式会社Art Quest,クラウドエンジニア,埼玉県,月給27万円,1日前,type
Person’s株式会社,テスター 年休127日／残業月平均5h／リモート案件8割／案件選択可能／直近3年定着率90%以上,埼玉県,月給25万円～60万円,1日前,エン転職
株式会社クルーク,システム開発／ネットワーク・サーバー設計・構築・運用・保守,埼玉県,月給30万円～45万円,公開していません,40～50代の転職 FROM40
株式会社グローバル・インフォメーション・テクノロ...,経験ゼロからスタートできるITエンジニア／残業平均8.4時間,埼玉県,"月給22万2,000円～",公開していません,doda
株式会社KOSMO,倉庫管理・入出荷,埼玉県 草加市 獨協大学前駅 徒歩10分,"時給1,900円～2,000円",公開していません,バイトルPRO
セントランス株式会社,社員教育に本気の当社で夢を叶えてください／ITエンジニア,埼玉県,月給22万円,19日前,リクナビNEXT
